module	source
Temporal.Feature.CallbackReference	Temporal/Families/CallbackReference/Feature.lean
Temporal.Feature.CallbackResponse	Temporal/Families/CallbackResponse/Feature.lean
Temporal.Feature.NexusActivityLink	Temporal/Families/NexusActivityLink/Feature.lean
Temporal.Feature.NexusCancellationFencing	Temporal/Families/NexusCancellation/Feature.lean
Temporal.Feature.NexusClosure	Temporal/Families/NexusClosure/Feature.lean
Temporal.Feature.NexusProgress	Temporal/Families/NexusProgress/Feature.lean
Temporal.Feature.NexusTimeout	Temporal/Families/NexusTimeout/Feature.lean
Temporal.Feature.RoutingIsolation	Temporal/Families/WorkflowRoutingIsolation/Feature.lean
Temporal.Feature.SpeculativeTask	Temporal/Families/SpeculativeTask/Feature.lean
Temporal.Feature.TaskAck	Temporal/Families/TaskAcknowledgement/Feature.lean
Temporal.Feature.UpdateLifecycle	Temporal/Families/UpdateLifecycle/Feature.lean
Temporal.Feature.WorkflowOwnership	Temporal/Families/WorkflowOwnership/Feature.lean
Temporal.Feature.WorkflowProgress	Temporal/Families/WorkflowProgress/Feature.lean
Temporal.Mechanisms.TaskDelivery	Temporal/Mechanisms/TaskDelivery.lean
Temporal.Refinement.CallbackReference	Temporal/Families/CallbackReference/Refinement.lean
Temporal.Refinement.CallbackResponse	Temporal/Families/CallbackResponse/Refinement.lean
Temporal.Refinement.NexusActivityLink	Temporal/Families/NexusActivityLink/Refinement.lean
Temporal.Refinement.NexusCancellationFencing	Temporal/Families/NexusCancellation/Refinement.lean
Temporal.Refinement.NexusClosure	Temporal/Families/NexusClosure/Refinement.lean
Temporal.Refinement.NexusProgress	Temporal/Families/NexusProgress/Refinement.lean
Temporal.Refinement.NexusTimeout	Temporal/Families/NexusTimeout/Refinement.lean
Temporal.Refinement.RoutingIsolation	Temporal/Families/WorkflowRoutingIsolation/Refinement.lean
Temporal.Refinement.SpeculativeTask	Temporal/Families/SpeculativeTask/Refinement.lean
Temporal.Refinement.TaskAck	Temporal/Families/TaskAcknowledgement/Refinement.lean
Temporal.Refinement.UpdateLifecycle	Temporal/Families/UpdateLifecycle/Refinement.lean
Temporal.Refinement.WorkflowOwnership	Temporal/Families/WorkflowOwnership/Refinement.lean
Temporal.Refinement.WorkflowProgress	Temporal/Families/WorkflowProgress/Refinement.lean
Temporal.System.CallbackReference	Temporal/Families/CallbackReference/System.lean
Temporal.System.CallbackResponse	Temporal/Families/CallbackResponse/System.lean
Temporal.System.NexusActivityLink	Temporal/Families/NexusActivityLink/System.lean
Temporal.System.NexusCancellationFencing	Temporal/Families/NexusCancellation/System.lean
Temporal.System.NexusClosure	Temporal/Families/NexusClosure/System.lean
Temporal.System.NexusProgress	Temporal/Families/NexusProgress/System.lean
Temporal.System.NexusTimeout	Temporal/Families/NexusTimeout/System.lean
Temporal.System.RoutingIsolation	Temporal/Families/WorkflowRoutingIsolation/System.lean
Temporal.System.SpeculativeTask	Temporal/Families/SpeculativeTask/System.lean
Temporal.System.TaskAck	Temporal/Families/TaskAcknowledgement/System.lean
Temporal.System.UpdateLifecycle	Temporal/Families/UpdateLifecycle/System.lean
Temporal.System.WorkflowOwnership	Temporal/Families/WorkflowOwnership/System.lean
Temporal.System.WorkflowProgress	Temporal/Families/WorkflowProgress/System.lean
