activity-batch-cancel-boundary	Activity batch cancel	qualified	qualified	true	11	qualified	true	true	true	sha256:07715258dd9dee837bc27d56b68fc03bd26cd3675631ef0c4f5a34680c7a2c67
activity-batch-cancel-boundary	Activity batch cancel	qualified	qualified	true	17	qualified	true	true	true	sha256:69330278376d96c25b66ff8f853b74d32d5f5fc18170f66a0a97875f56b833ba
clock-context-timeout	Clock context timeout	qualified	qualified	true	11	qualified	true	true	true	sha256:dc799933074e1e941aad047be57fd554a3ed94655f32614cd90f3ec2b9ccdf70
clock-context-timeout	Clock context timeout	qualified	qualified	true	17	qualified	true	true	true	sha256:fce576c0e71f16fe93c75878597895c1465b3c81a0d400980abe5cee32343004
frontend-system-info	Frontend system info probe	qualified	qualified	true	11	qualified	true	true	true	sha256:e2f1a2d5020f6e22b2c29087aed5476385ce69fb22fe31fc1c8e1640d69317c3
frontend-system-info	Frontend system info probe	qualified	qualified	true	17	qualified	true	true	true	sha256:bd928f760efda3fc1597bccbfae8dacdf57760c664dbec89ed94b5e377452b85
functional-activity	Activity workflow	qualified	qualified	true	11	qualified	true	true	true	sha256:b24ec7e2cb25c1d66099c12013e7c035d7795485da8fe086deaed09fa67d3272
functional-activity	Activity workflow	qualified	qualified	true	17	qualified	true	true	true	sha256:7743c71c005d651099421312617dea00d69f05dffa628035159202bf6efbc2ec
functional-cancel	Cancel workflow	qualified	qualified	true	11	qualified	true	true	true	sha256:354395a9646cefff593c4c3db3d738faf8023cd9619872bea1498d94ff27f470
functional-cancel	Cancel workflow	qualified	qualified	true	17	qualified	true	true	true	sha256:4e8645da883e1500dd0a7f4255a363a9b30ee166d6154f1d026283f73413029f
functional-child-workflow	Child workflow	qualified	qualified	true	11	qualified	true	true	true	sha256:6697801f0d9403bfb86e0ef11772e9c7b64d03bd017b7a5eeee14fffb192681b
functional-child-workflow	Child workflow	qualified	qualified	true	17	qualified	true	true	true	sha256:0d6d1cead7104f51844cbabce9e9baf2a8a95544ec40dd2719cf2c6da90ea173
functional-continue-as-new	Continue-as-new workflow	qualified	qualified	true	11	qualified	true	true	true	sha256:21cc33cebf41dc9310be4c45e0a3ccd3a4d2faae463c3390cd8315290ad2e472
functional-continue-as-new	Continue-as-new workflow	qualified	qualified	true	17	qualified	true	true	true	sha256:745b2bf35cc4106ab3a7621c3379de72ba7d092f86d5c75129294135c9da8fe1
functional-cron	Cron workflow	qualified	qualified	true	11	qualified	true	true	true	sha256:bb15b356bd707716d1135ed53bcea9e2738c7b5f34d4fcf929b1f8c45dd02e7a
functional-cron	Cron workflow	qualified	qualified	true	17	qualified	true	true	true	sha256:cb0d334860cf55609ebbb08223c12f12da25bc87ff77d7e1383744f88de6686c
functional-query	Query workflow	qualified	qualified	true	11	qualified	true	true	true	sha256:1ca8bc87b359b1e72130b5460c59e5c2cda18988e339b43b71b71fcca10bc650
functional-query	Query workflow	qualified	qualified	true	17	qualified	true	true	true	sha256:19751252611e8379af3387be6e780f02b22c18e29891a446223cb19dd06dfad7
functional-signal-chasm	Signal workflow on CHASM	qualified	qualified	true	11	qualified	true	true	true	sha256:d8a341e1572e4ad500a4c81fde2564c38102a26254007a0447b09818b49a7b4b
functional-signal-chasm	Signal workflow on CHASM	qualified	qualified	true	17	qualified	true	true	true	sha256:8e4204ec696b6860f4632055faba9373c8fbb716ebd01220327a0bf5e05a8002
functional-timer	Workflow timer	qualified	qualified	true	11	qualified	true	true	true	sha256:ca15ae85e4e96fe7de403245826a580a78f92d192f37c2b1fa80ba2b1cbb5731
functional-timer	Workflow timer	qualified	qualified	true	17	qualified	true	true	true	sha256:1a5c0a78ff5d4867a25b93799b4bb006c1dcda0ed408f93c7256fd4984bca3b2
functional-update	Workflow update	qualified	qualified	true	11	qualified	true	true	true	sha256:1330e9dc3a2db25f12b2f8b236954a2f65bdb28fe9ae9f471221be23d37b6dfe
functional-update	Workflow update	qualified	qualified	true	17	qualified	true	true	true	sha256:6945501e23776956bc2e7dfe5062f22c991bc3a2e6e15b1d033a817a9d6af889
functional-workflow	Workflow	qualified	qualified	true	11	qualified	true	true	true	sha256:3aa840be47d1acac418065285c688ad7c22fdbe104d5813938d57f41029c4ef7
functional-workflow	Workflow	qualified	qualified	true	17	qualified	true	true	true	sha256:34a3349586739b4de375462da67752aded84f53fb6447af6b1276041e7879420
future-suite	Future suite	qualified	qualified	true	11	qualified	true	true	true	sha256:39e87afc071686c1eeeccaeb875ad044775d82789b709b36ab16a34a37eb9cf4
future-suite	Future suite	qualified	qualified	true	17	qualified	true	true	true	sha256:f63306a07c185fcda9189ec20fd61677c69a7b27281293b8e88f9447a7a38490
sqlite-persistence-boundary	SQLite persistence boundary	qualified	qualified	true	11	qualified	true	true	true	sha256:d82a2ca0e41d6ba37645d6534724def72c0eafe8da1e75ed94072ef0294940f6
sqlite-persistence-boundary	SQLite persistence boundary	qualified	qualified	true	17	qualified	true	true	true	sha256:8994253b93f88c5489ad34951646b4a4d851307c04a6da036b780734364af1dc
temporal-backoff-overflow	Temporal backoff overflow	qualified	qualified	true	11	qualified	true	true	true	sha256:7fac90aa694ef4d246c9e9e6fd8fea80855336614cc262bf20f3145654ffe14a
temporal-backoff-overflow	Temporal backoff overflow	qualified	qualified	true	17	qualified	true	true	true	sha256:1a654126c7786f3283378268355678c475efda52a32a38f90603b61996fb3940
temporal-cache-concurrent	Temporal cache concurrent access	qualified	qualified	true	11	qualified	true	true	true	sha256:a7684ddea701c5a5cd222625435658b1c163c74160b0f6469c0586a397c94b25
temporal-cache-concurrent	Temporal cache concurrent access	qualified	qualified	true	17	qualified	true	true	true	sha256:5944cd5ea7c5f092279924c8944ea68b5be2e9a9c5455e6a624b1e942407eb2c
temporal-dither-pass	Temporal matching dither pass	qualified	qualified	true	11	qualified	true	true	true	sha256:2fe1f2d7f16e21aadfd45259424a56c1316fbd558fd75b2bb5a2be8361354838
temporal-dither-pass	Temporal matching dither pass	qualified	qualified	true	17	qualified	true	true	true	sha256:3af37d5d20a78952061ea746038a3c7a5a817bf0f029c0f0d295ac4a77694c42
temporal-map-concurrent	Temporal map concurrent access	qualified	qualified	true	11	qualified	true	true	true	sha256:e3a9ddcd07681004a40a41f7f32fd6e184b75dabda79b03aed04168a72c75c8c
temporal-map-concurrent	Temporal map concurrent access	qualified	qualified	true	17	qualified	true	true	true	sha256:e65f19a1c903fe1a27202aa97248424fe4003a91dde5714fa4b66b7b3bcbbde4
temporal-poller-history	Temporal poller history	qualified	qualified	true	11	qualified	true	true	true	sha256:d19916b06c70b26a6e7288d953604b04c24f5538c3f5fcfd86421bab996b1c34
temporal-poller-history	Temporal poller history	qualified	qualified	true	17	qualified	true	true	true	sha256:adf085bf520ae6066ad93ae163915c7b7e47c777e5b65e75a54bb515a81e4ccc
temporal-queue-key	Temporal queue key determinism	qualified	qualified	true	11	qualified	true	true	true	sha256:8b2c817796d4cbe5d78ddf56d9f357373fbc6c2f854d9063e47e5cf5fc4294df
temporal-queue-key	Temporal queue key determinism	qualified	qualified	true	17	qualified	true	true	true	sha256:6f115bbd70d6b12cb727285ce108251c8dda31fcb38946cd33044be63b91bd11
temporal-sqlite-schema-rewrite	Temporal SQLite schema rewrite	qualified	qualified	true	11	qualified	true	true	true	sha256:995e2e5d363f275aa59d21c14a6f4e54925e179ca7459ada2a47e7d375cde21c
temporal-sqlite-schema-rewrite	Temporal SQLite schema rewrite	qualified	qualified	true	17	qualified	true	true	true	sha256:4c1f1cf9833ab2d93630c6a9700279cf3efeecf4f89762e5995a9ec26231362c
temporal-transition-history	Temporal transition history	qualified	qualified	true	11	qualified	true	true	true	sha256:7248bd9ae9a949f534450ab4b8b66319c125b1d6bb3de2dc7b9213bd722d5593
temporal-transition-history	Temporal transition history	qualified	qualified	true	17	qualified	true	true	true	sha256:fa0b4958a7161235b6d3ecf4581e8e886536cf1eb2d2fc629f16d8e0bc7dc547
temporal-update-abort-matrix	Temporal update abort matrix	qualified	qualified	true	11	qualified	true	true	true	sha256:5eb0b4ac89de927d48cb07c1b6167d3772e324fe3b2db3e38e93e96754f5b72f
temporal-update-abort-matrix	Temporal update abort matrix	qualified	qualified	true	17	qualified	true	true	true	sha256:e9c2c78efa36ea4a0dec14abdb7593e6e62129a809792c774e97232e018f47c3
temporal-version-set-merge	Temporal version set merge	qualified	qualified	true	11	qualified	true	true	true	sha256:c8c1d8463f74735980e797699d6dc5f19ed0600f45d3c299373b02884741f52c
temporal-version-set-merge	Temporal version set merge	qualified	qualified	true	17	qualified	true	true	true	sha256:5f701f5ba83aaca86758f5835e065714a844f420b723c3ea9a11670847c1142c
temporal-workflow-backoff	Temporal workflow backoff	qualified	qualified	true	11	qualified	true	true	true	sha256:c47c175b64c0e0e552bb71339453cb08f25ee5f3109295f9c3b6b19a95b1bbe9
temporal-workflow-backoff	Temporal workflow backoff	qualified	qualified	true	17	qualified	true	true	true	sha256:e664d8fb1989db131c5b3fe644f0043aff1bcfc487dfcc89088c8f0dd6285235
timer-local-gate	Timer local gate	qualified	qualified	true	11	qualified	true	true	true	sha256:88e8cd8c2ce1a68436fb7c515fd9bb249685fa63cfb06bd20420ef589e54e205
timer-local-gate	Timer local gate	qualified	qualified	true	17	qualified	true	true	true	sha256:9b63cf5c3c7b290d1b1eb846525dd54a284d8a0240eb67ba395f7adcef922e1d
user-timers-workflow	User timers workflow	qualified	qualified	true	11	qualified	true	true	true	sha256:80fcbf79fdb3527642791a7a63f0f43a51f1ba373c358c9b5306692535b969e7
user-timers-workflow	User timers workflow	qualified	qualified	true	17	qualified	true	true	true	sha256:daf739c2ce300d2e5c5ac01bcbfe586830785a5879150c40b8fc308b08b487fc
