baseline-focused	0	0	GOTOOLCHAIN=go1.27.1 GOWORK=off go test -count=1 -tags test_dep -v ./world ./world/process -run '^(TestOwnedModelErrorPreservesMessagesAndCauseIdentity|TestModelGeneratedTransitionContextRemainsRecordable|TestOwnedTerminalPreservesAllCategoriesAndRecordingBytes|TestWorldSnapshotRestoreContinuesWithIdenticalState|TestRestoreRejectsCorruptionWithoutPublishingWorld|TestWorldStateDigestGolden|TestSessionNormalizesDetailBeforeOrderedClassification|TestSessionRetainsJoinedErrorPrecedenceAndUnknownIdentity|TestSessionValidatesBeforeCallingErrors)$'
baseline-lint	1	0	GOTOOLCHAIN=go1.27.1 GOWORK=off /tmp/fn109-lint-tools.ZdNe1t50/golangci-lint-v2.13.0 run --config=../../.github/.golangci.yml --build-tags=test_dep --timeout=10m --fix=false ./world ./world/process ./world/mailbox
baseline-validate	0	3	GOTOOLCHAIN=go1.27.1 GOWORK=off make validate
baseline-root	0	43	GOTOOLCHAIN=go1.27.1 GOWORK=off go test -count=1 -tags test_dep .
final-focused	0	0	GOTOOLCHAIN=go1.27.1 GOWORK=off go test -count=1 -tags test_dep -v ./world ./world/process -run '^(TestOwnedModelErrorPreservesMessagesAndCauseIdentity|TestModelGeneratedTransitionContextRemainsRecordable|TestOwnedTerminalPreservesAllCategoriesAndRecordingBytes|TestWorldSnapshotRestoreContinuesWithIdenticalState|TestRestoreRejectsCorruptionWithoutPublishingWorld|TestWorldStateDigestGolden|TestSessionNormalizesDetailBeforeOrderedClassification|TestSessionRetainsJoinedErrorPrecedenceAndUnknownIdentity|TestSessionValidatesBeforeCallingErrors)$'
final-packages	0	0	GOTOOLCHAIN=go1.27.1 GOWORK=off go test -count=1 -tags test_dep -v ./world ./world/process ./world/mailbox
final-lint	1	0	GOTOOLCHAIN=go1.27.1 GOWORK=off /tmp/fn109-lint-tools.ZdNe1t50/golangci-lint-v2.13.0 run --config=../../.github/.golangci.yml --build-tags=test_dep --timeout=10m --fix=false ./world ./world/process ./world/mailbox
final-validate	0	3	GOTOOLCHAIN=go1.27.1 GOWORK=off make validate
final-root	0	43	GOTOOLCHAIN=go1.27.1 GOWORK=off go test -count=1 -tags test_dep .
final-error-boundary	0	17	GOTOOLCHAIN=go1.27.1 GOWORK=off go test -count=1 -tags test_dep -v ./internal/gomadtool/architecture -run '^(TestPureMemoryFormattingAndJSON|TestErrorProvenanceUnwrap|TestErrorProvenanceWriter)$'
