crypto/rand	<package>	pass
crypto/rand	TestAllocations	pass
crypto/rand	TestConcurrentRead	pass
crypto/rand	TestConcurrentRead/Read	pass
crypto/rand	TestConcurrentRead/Reader.Read	pass
crypto/rand	TestDefaultReader	pass
crypto/rand	TestInt	pass
crypto/rand	TestIntEmptyMaxPanics	pass
crypto/rand	TestIntMask	pass
crypto/rand	TestIntMask/max=1	pass
crypto/rand	TestIntMask/max=10	pass
crypto/rand	TestIntMask/max=100	pass
crypto/rand	TestIntMask/max=101	pass
crypto/rand	TestIntMask/max=102	pass
crypto/rand	TestIntMask/max=103	pass
crypto/rand	TestIntMask/max=104	pass
crypto/rand	TestIntMask/max=105	pass
crypto/rand	TestIntMask/max=106	pass
crypto/rand	TestIntMask/max=107	pass
crypto/rand	TestIntMask/max=108	pass
crypto/rand	TestIntMask/max=109	pass
crypto/rand	TestIntMask/max=11	pass
crypto/rand	TestIntMask/max=110	pass
crypto/rand	TestIntMask/max=111	pass
crypto/rand	TestIntMask/max=112	pass
crypto/rand	TestIntMask/max=113	pass
crypto/rand	TestIntMask/max=114	pass
crypto/rand	TestIntMask/max=115	pass
crypto/rand	TestIntMask/max=116	pass
crypto/rand	TestIntMask/max=117	pass
crypto/rand	TestIntMask/max=118	pass
crypto/rand	TestIntMask/max=119	pass
crypto/rand	TestIntMask/max=12	pass
crypto/rand	TestIntMask/max=120	pass
crypto/rand	TestIntMask/max=121	pass
crypto/rand	TestIntMask/max=122	pass
crypto/rand	TestIntMask/max=123	pass
crypto/rand	TestIntMask/max=124	pass
crypto/rand	TestIntMask/max=125	pass
crypto/rand	TestIntMask/max=126	pass
crypto/rand	TestIntMask/max=127	pass
crypto/rand	TestIntMask/max=128	pass
crypto/rand	TestIntMask/max=129	pass
crypto/rand	TestIntMask/max=13	pass
crypto/rand	TestIntMask/max=130	pass
crypto/rand	TestIntMask/max=131	pass
crypto/rand	TestIntMask/max=132	pass
crypto/rand	TestIntMask/max=133	pass
crypto/rand	TestIntMask/max=134	pass
crypto/rand	TestIntMask/max=135	pass
crypto/rand	TestIntMask/max=136	pass
crypto/rand	TestIntMask/max=137	pass
crypto/rand	TestIntMask/max=138	pass
crypto/rand	TestIntMask/max=139	pass
crypto/rand	TestIntMask/max=14	pass
crypto/rand	TestIntMask/max=140	pass
crypto/rand	TestIntMask/max=141	pass
crypto/rand	TestIntMask/max=142	pass
crypto/rand	TestIntMask/max=143	pass
crypto/rand	TestIntMask/max=144	pass
crypto/rand	TestIntMask/max=145	pass
crypto/rand	TestIntMask/max=146	pass
crypto/rand	TestIntMask/max=147	pass
crypto/rand	TestIntMask/max=148	pass
crypto/rand	TestIntMask/max=149	pass
crypto/rand	TestIntMask/max=15	pass
crypto/rand	TestIntMask/max=150	pass
crypto/rand	TestIntMask/max=151	pass
crypto/rand	TestIntMask/max=152	pass
crypto/rand	TestIntMask/max=153	pass
crypto/rand	TestIntMask/max=154	pass
crypto/rand	TestIntMask/max=155	pass
crypto/rand	TestIntMask/max=156	pass
crypto/rand	TestIntMask/max=157	pass
crypto/rand	TestIntMask/max=158	pass
crypto/rand	TestIntMask/max=159	pass
crypto/rand	TestIntMask/max=16	pass
crypto/rand	TestIntMask/max=160	pass
crypto/rand	TestIntMask/max=161	pass
crypto/rand	TestIntMask/max=162	pass
crypto/rand	TestIntMask/max=163	pass
crypto/rand	TestIntMask/max=164	pass
crypto/rand	TestIntMask/max=165	pass
crypto/rand	TestIntMask/max=166	pass
crypto/rand	TestIntMask/max=167	pass
crypto/rand	TestIntMask/max=168	pass
crypto/rand	TestIntMask/max=169	pass
crypto/rand	TestIntMask/max=17	pass
crypto/rand	TestIntMask/max=170	pass
crypto/rand	TestIntMask/max=171	pass
crypto/rand	TestIntMask/max=172	pass
crypto/rand	TestIntMask/max=173	pass
crypto/rand	TestIntMask/max=174	pass
crypto/rand	TestIntMask/max=175	pass
crypto/rand	TestIntMask/max=176	pass
crypto/rand	TestIntMask/max=177	pass
crypto/rand	TestIntMask/max=178	pass
crypto/rand	TestIntMask/max=179	pass
crypto/rand	TestIntMask/max=18	pass
crypto/rand	TestIntMask/max=180	pass
crypto/rand	TestIntMask/max=181	pass
crypto/rand	TestIntMask/max=182	pass
crypto/rand	TestIntMask/max=183	pass
crypto/rand	TestIntMask/max=184	pass
crypto/rand	TestIntMask/max=185	pass
crypto/rand	TestIntMask/max=186	pass
crypto/rand	TestIntMask/max=187	pass
crypto/rand	TestIntMask/max=188	pass
crypto/rand	TestIntMask/max=189	pass
crypto/rand	TestIntMask/max=19	pass
crypto/rand	TestIntMask/max=190	pass
crypto/rand	TestIntMask/max=191	pass
crypto/rand	TestIntMask/max=192	pass
crypto/rand	TestIntMask/max=193	pass
crypto/rand	TestIntMask/max=194	pass
crypto/rand	TestIntMask/max=195	pass
crypto/rand	TestIntMask/max=196	pass
crypto/rand	TestIntMask/max=197	pass
crypto/rand	TestIntMask/max=198	pass
crypto/rand	TestIntMask/max=199	pass
crypto/rand	TestIntMask/max=2	pass
crypto/rand	TestIntMask/max=20	pass
crypto/rand	TestIntMask/max=200	pass
crypto/rand	TestIntMask/max=201	pass
crypto/rand	TestIntMask/max=202	pass
crypto/rand	TestIntMask/max=203	pass
crypto/rand	TestIntMask/max=204	pass
crypto/rand	TestIntMask/max=205	pass
crypto/rand	TestIntMask/max=206	pass
crypto/rand	TestIntMask/max=207	pass
crypto/rand	TestIntMask/max=208	pass
crypto/rand	TestIntMask/max=209	pass
crypto/rand	TestIntMask/max=21	pass
crypto/rand	TestIntMask/max=210	pass
crypto/rand	TestIntMask/max=211	pass
crypto/rand	TestIntMask/max=212	pass
crypto/rand	TestIntMask/max=213	pass
crypto/rand	TestIntMask/max=214	pass
crypto/rand	TestIntMask/max=215	pass
crypto/rand	TestIntMask/max=216	pass
crypto/rand	TestIntMask/max=217	pass
crypto/rand	TestIntMask/max=218	pass
crypto/rand	TestIntMask/max=219	pass
crypto/rand	TestIntMask/max=22	pass
crypto/rand	TestIntMask/max=220	pass
crypto/rand	TestIntMask/max=221	pass
crypto/rand	TestIntMask/max=222	pass
crypto/rand	TestIntMask/max=223	pass
crypto/rand	TestIntMask/max=224	pass
crypto/rand	TestIntMask/max=225	pass
crypto/rand	TestIntMask/max=226	pass
crypto/rand	TestIntMask/max=227	pass
crypto/rand	TestIntMask/max=228	pass
crypto/rand	TestIntMask/max=229	pass
crypto/rand	TestIntMask/max=23	pass
crypto/rand	TestIntMask/max=230	pass
crypto/rand	TestIntMask/max=231	pass
crypto/rand	TestIntMask/max=232	pass
crypto/rand	TestIntMask/max=233	pass
crypto/rand	TestIntMask/max=234	pass
crypto/rand	TestIntMask/max=235	pass
crypto/rand	TestIntMask/max=236	pass
crypto/rand	TestIntMask/max=237	pass
crypto/rand	TestIntMask/max=238	pass
crypto/rand	TestIntMask/max=239	pass
crypto/rand	TestIntMask/max=24	pass
crypto/rand	TestIntMask/max=240	pass
crypto/rand	TestIntMask/max=241	pass
crypto/rand	TestIntMask/max=242	pass
crypto/rand	TestIntMask/max=243	pass
crypto/rand	TestIntMask/max=244	pass
crypto/rand	TestIntMask/max=245	pass
crypto/rand	TestIntMask/max=246	pass
crypto/rand	TestIntMask/max=247	pass
crypto/rand	TestIntMask/max=248	pass
crypto/rand	TestIntMask/max=249	pass
crypto/rand	TestIntMask/max=25	pass
crypto/rand	TestIntMask/max=250	pass
crypto/rand	TestIntMask/max=251	pass
crypto/rand	TestIntMask/max=252	pass
crypto/rand	TestIntMask/max=253	pass
crypto/rand	TestIntMask/max=254	pass
crypto/rand	TestIntMask/max=255	pass
crypto/rand	TestIntMask/max=256	pass
crypto/rand	TestIntMask/max=26	pass
crypto/rand	TestIntMask/max=27	pass
crypto/rand	TestIntMask/max=28	pass
crypto/rand	TestIntMask/max=29	pass
crypto/rand	TestIntMask/max=3	pass
crypto/rand	TestIntMask/max=30	pass
crypto/rand	TestIntMask/max=31	pass
crypto/rand	TestIntMask/max=32	pass
crypto/rand	TestIntMask/max=33	pass
crypto/rand	TestIntMask/max=34	pass
crypto/rand	TestIntMask/max=35	pass
crypto/rand	TestIntMask/max=36	pass
crypto/rand	TestIntMask/max=37	pass
crypto/rand	TestIntMask/max=38	pass
crypto/rand	TestIntMask/max=39	pass
crypto/rand	TestIntMask/max=4	pass
crypto/rand	TestIntMask/max=40	pass
crypto/rand	TestIntMask/max=41	pass
crypto/rand	TestIntMask/max=42	pass
crypto/rand	TestIntMask/max=43	pass
crypto/rand	TestIntMask/max=44	pass
crypto/rand	TestIntMask/max=45	pass
crypto/rand	TestIntMask/max=46	pass
crypto/rand	TestIntMask/max=47	pass
crypto/rand	TestIntMask/max=48	pass
crypto/rand	TestIntMask/max=49	pass
crypto/rand	TestIntMask/max=5	pass
crypto/rand	TestIntMask/max=50	pass
crypto/rand	TestIntMask/max=51	pass
crypto/rand	TestIntMask/max=52	pass
crypto/rand	TestIntMask/max=53	pass
crypto/rand	TestIntMask/max=54	pass
crypto/rand	TestIntMask/max=55	pass
crypto/rand	TestIntMask/max=56	pass
crypto/rand	TestIntMask/max=57	pass
crypto/rand	TestIntMask/max=58	pass
crypto/rand	TestIntMask/max=59	pass
crypto/rand	TestIntMask/max=6	pass
crypto/rand	TestIntMask/max=60	pass
crypto/rand	TestIntMask/max=61	pass
crypto/rand	TestIntMask/max=62	pass
crypto/rand	TestIntMask/max=63	pass
crypto/rand	TestIntMask/max=64	pass
crypto/rand	TestIntMask/max=65	pass
crypto/rand	TestIntMask/max=66	pass
crypto/rand	TestIntMask/max=67	pass
crypto/rand	TestIntMask/max=68	pass
crypto/rand	TestIntMask/max=69	pass
crypto/rand	TestIntMask/max=7	pass
crypto/rand	TestIntMask/max=70	pass
crypto/rand	TestIntMask/max=71	pass
crypto/rand	TestIntMask/max=72	pass
crypto/rand	TestIntMask/max=73	pass
crypto/rand	TestIntMask/max=74	pass
crypto/rand	TestIntMask/max=75	pass
crypto/rand	TestIntMask/max=76	pass
crypto/rand	TestIntMask/max=77	pass
crypto/rand	TestIntMask/max=78	pass
crypto/rand	TestIntMask/max=79	pass
crypto/rand	TestIntMask/max=8	pass
crypto/rand	TestIntMask/max=80	pass
crypto/rand	TestIntMask/max=81	pass
crypto/rand	TestIntMask/max=82	pass
crypto/rand	TestIntMask/max=83	pass
crypto/rand	TestIntMask/max=84	pass
crypto/rand	TestIntMask/max=85	pass
crypto/rand	TestIntMask/max=86	pass
crypto/rand	TestIntMask/max=87	pass
crypto/rand	TestIntMask/max=88	pass
crypto/rand	TestIntMask/max=89	pass
crypto/rand	TestIntMask/max=9	pass
crypto/rand	TestIntMask/max=90	pass
crypto/rand	TestIntMask/max=91	pass
crypto/rand	TestIntMask/max=92	pass
crypto/rand	TestIntMask/max=93	pass
crypto/rand	TestIntMask/max=94	pass
crypto/rand	TestIntMask/max=95	pass
crypto/rand	TestIntMask/max=96	pass
crypto/rand	TestIntMask/max=97	pass
crypto/rand	TestIntMask/max=98	pass
crypto/rand	TestIntMask/max=99	pass
crypto/rand	TestIntNegativeMaxPanics	pass
crypto/rand	TestIntReads	pass
crypto/rand	TestIntReads/max=1	pass
crypto/rand	TestIntReads/max=1024	pass
crypto/rand	TestIntReads/max=1048576	pass
crypto/rand	TestIntReads/max=1073741824	pass
crypto/rand	TestIntReads/max=128	pass
crypto/rand	TestIntReads/max=131072	pass
crypto/rand	TestIntReads/max=134217728	pass
crypto/rand	TestIntReads/max=16	pass
crypto/rand	TestIntReads/max=16384	pass
crypto/rand	TestIntReads/max=16777216	pass
crypto/rand	TestIntReads/max=2	pass
crypto/rand	TestIntReads/max=2048	pass
crypto/rand	TestIntReads/max=2097152	pass
crypto/rand	TestIntReads/max=2147483648	pass
crypto/rand	TestIntReads/max=256	pass
crypto/rand	TestIntReads/max=262144	pass
crypto/rand	TestIntReads/max=268435456	pass
crypto/rand	TestIntReads/max=32	pass
crypto/rand	TestIntReads/max=32768	pass
crypto/rand	TestIntReads/max=33554432	pass
crypto/rand	TestIntReads/max=4	pass
crypto/rand	TestIntReads/max=4096	pass
crypto/rand	TestIntReads/max=4194304	pass
crypto/rand	TestIntReads/max=512	pass
crypto/rand	TestIntReads/max=524288	pass
crypto/rand	TestIntReads/max=536870912	pass
crypto/rand	TestIntReads/max=64	pass
crypto/rand	TestIntReads/max=65536	pass
crypto/rand	TestIntReads/max=67108864	pass
crypto/rand	TestIntReads/max=8	pass
crypto/rand	TestIntReads/max=8192	pass
crypto/rand	TestIntReads/max=8388608	pass
crypto/rand	TestLargeRead	pass
crypto/rand	TestLargeRead/Read	pass
crypto/rand	TestLargeRead/Reader.Read	pass
crypto/rand	TestPrimeBitsLt2	pass
crypto/rand	TestPrimeNondeterministic	pass
crypto/rand	TestPrimeSmall	pass
crypto/rand	TestRead	pass
crypto/rand	TestRead/Read	pass
crypto/rand	TestRead/Reader.Read	pass
crypto/rand	TestReadByteValues	pass
crypto/rand	TestReadByteValues/Read	pass
crypto/rand	TestReadByteValues/Reader.Read	pass
crypto/rand	TestReadEmpty	pass
crypto/rand	TestReadEmpty/Read	pass
crypto/rand	TestReadEmpty/Reader.Read	pass
crypto/rand	TestReadError	pass
crypto/rand	TestReadUsesReader	pass
crypto/rand	TestSynctest	pass
crypto/rand	TestText	pass
syscall	<package>	pass
syscall	TestClearenv	pass
syscall	TestClearenv/DummyVars-4096	pass
syscall	TestClearenv/GODEBUG	pass
syscall	TestDirent	pass
syscall	TestDirentRepeat	pass
syscall	TestENFILETemporary	pass
syscall	TestEnv	pass
syscall	TestExec	pass
syscall	TestExecErrPermutedFds	pass
syscall	TestExecHelper	pass
syscall	TestExecPtrace	pass
syscall	TestFcntlFlock	pass
syscall	TestForeground	skip
syscall	TestForegroundSignal	skip
syscall	TestForkExecNilArgv	pass
syscall	TestGetdirentries	pass
syscall	TestGetdirentries/n=10	pass
syscall	TestGetdirentries/n=1000	pass
syscall	TestGetfsstat	pass
syscall	TestGettimeofday	pass
syscall	TestInvalidExec	pass
syscall	TestInvalidExec/SetCtty-Foreground	pass
syscall	TestInvalidExec/invalid-Ctty	pass
syscall	TestMmap	pass
syscall	TestOpenFileLimit	pass
syscall	TestPassFD	pass
syscall	TestPgid	pass
syscall	TestRlimitRestored	skip
syscall	TestSeekFailure	pass
syscall	TestSetpgid	pass
syscall	TestSetsockoptString	pass
syscall	TestUnixRightsRoundtrip	pass
syscall	TestZeroSysProcAttr	pass
